{"cameraMode":{"drawMode":0,"name":"Shaded","section":"Shading Mode"},"sceneLighting":false,"audioPlay":false,"sceneViewState":{"showFog":true,"showMaterialUpdate":false,"showSkybox":false,"showFlares":true,"showImageEffects":true,"showParticleSystems":true},"in2DMode":false,"pivot":{"x":0.0333220511674881,"y":1.372340440750122,"z":-1.6519488096237183},"rotation":{"x":0.7320963740348816,"y":-0.002043192507699132,"z":0.0021963969338685276,"w":0.6811946630477905},"size":0.8145836591720581,"orthographic":true}