{"cameraMode":{"drawMode":0,"name":"Shaded","section":"Shading Mode"},"sceneLighting":true,"audioPlay":false,"sceneViewState":{"showFog":true,"showMaterialUpdate":false,"showSkybox":true,"showFlares":true,"showImageEffects":true,"showParticleSystems":true},"in2DMode":false,"pivot":{"x":-28.422956466674806,"y":-100.47350311279297,"z":101.09044647216797},"rotation":{"x":-0.3700999617576599,"y":0.1253979504108429,"z":-0.05049470067024231,"w":-0.9191049337387085},"size":151.89056396484376,"orthographic":false}