{"cameraMode":{"drawMode":0,"name":"Shaded","section":"Shading Mode"},"sceneLighting":true,"audioPlay":false,"sceneViewState":{"showFog":true,"showMaterialUpdate":false,"showSkybox":true,"showFlares":true,"showImageEffects":true,"showParticleSystems":true},"in2DMode":false,"pivot":{"x":11.61852741241455,"y":260.12982177734377,"z":-11.773449897766114},"rotation":{"x":0.6898964047431946,"y":0.00760048720985651,"z":-0.007244140841066837,"w":0.7238317728042603},"size":19.795063018798829,"orthographic":true}