{"cameraMode":{"drawMode":0,"name":"Shaded","section":"Shading Mode"},"sceneLighting":true,"audioPlay":false,"sceneViewState":{"showFog":true,"showMaterialUpdate":false,"showSkybox":true,"showFlares":true,"showImageEffects":true,"showParticleSystems":true},"in2DMode":false,"pivot":{"x":0.0033220648765563967,"y":1.8370000123977662,"z":2.41874098777771},"rotation":{"x":0.2800430357456207,"y":0.673236072063446,"z":-0.30867791175842287,"w":0.6107808947563171},"size":22.0,"orthographic":false}