{"cameraMode":{"drawMode":0,"name":"Shaded","section":"Shading Mode"},"sceneLighting":true,"audioPlay":false,"sceneViewState":{"showFog":true,"showMaterialUpdate":false,"showSkybox":true,"showFlares":true,"showImageEffects":true,"showParticleSystems":true},"in2DMode":false,"pivot":{"x":1.3434323072433472,"y":-0.02815493755042553,"z":1.188643217086792},"rotation":{"x":-0.22487729787826539,"y":-0.2008877992630005,"z":0.04744092747569084,"w":-0.952279806137085},"size":6.958361625671387,"orthographic":false}