{"cameraMode":{"drawMode":0,"name":"Shaded","section":"Shading Mode"},"sceneLighting":false,"audioPlay":false,"sceneViewState":{"showFog":true,"showMaterialUpdate":false,"showSkybox":false,"showFlares":true,"showImageEffects":true,"showParticleSystems":true},"in2DMode":false,"pivot":{"x":1.4901161193847657e-8,"y":1.25,"z":-0.020000018179416658},"rotation":{"x":0.3726852834224701,"y":-0.004172987770289183,"z":0.0016846926882863045,"w":0.9279650449752808},"size":0.5715864896774292,"orthographic":false}