{"cameraMode":{"drawMode":0,"name":"Shaded","section":"Shading Mode"},"sceneLighting":false,"audioPlay":false,"sceneViewState":{"showFog":true,"showMaterialUpdate":false,"showSkybox":false,"showFlares":true,"showImageEffects":true,"showParticleSystems":true},"in2DMode":false,"pivot":{"x":-1.4901161193847657e-8,"y":-0.014690116047859192,"z":0.031792521476745608},"rotation":{"x":0.689624011516571,"y":-0.02171291410923004,"z":0.020694931969046594,"w":0.7235466241836548},"size":0.8145835399627686,"orthographic":true}