{"cameraMode":{"drawMode":0,"name":"Shaded","section":"Shading Mode"},"sceneLighting":true,"audioPlay":false,"sceneViewState":{"showFog":true,"showMaterialUpdate":false,"showSkybox":true,"showFlares":true,"showImageEffects":true,"showParticleSystems":true},"in2DMode":false,"pivot":{"x":1.6935292482376099,"y":273.3451232910156,"z":-13.326102256774903},"rotation":{"x":0.6942651271820068,"y":0.001079506240785122,"z":-0.0010414229473099113,"w":0.7197187542915344},"size":19.795063018798829,"orthographic":true}