{"cameraMode":{"drawMode":0,"name":"Shaded","section":"Shading Mode"},"sceneLighting":true,"audioPlay":false,"sceneViewState":{"showFog":true,"showMaterialUpdate":false,"showSkybox":true,"showFlares":true,"showImageEffects":true,"showParticleSystems":true},"in2DMode":false,"pivot":{"x":0.9790812134742737,"y":4.136667251586914,"z":-2.6205012798309328},"rotation":{"x":-0.4780772030353546,"y":0.13423316180706025,"z":-0.07418454438447952,"w":-0.8650123476982117},"size":1.1397299766540528,"orthographic":false}