{"cameraMode":{"drawMode":0,"name":"Shaded","section":"Shading Mode"},"sceneLighting":true,"audioPlay":false,"sceneViewState":{"showFog":true,"showMaterialUpdate":false,"showSkybox":true,"showFlares":true,"showImageEffects":true,"showParticleSystems":true},"in2DMode":false,"pivot":{"x":16.35016632080078,"y":-28.71826934814453,"z":-31.14202117919922},"rotation":{"x":-0.06642298400402069,"y":-0.9179075360298157,"z":0.35057389736175539,"w":-0.17421279847621919},"size":51.45804214477539,"orthographic":false}